{"cameraMode":{"drawMode":0,"name":"Shaded","section":"Shading Mode"},"sceneLighting":true,"audioPlay":false,"sceneViewState":{"m_AlwaysRefresh":false,"showFog":true,"showSkybox":true,"showFlares":true,"showImageEffects":true,"showParticleSystems":true,"showVisualEffectGraphs":true,"m_FxEnabled":false},"in2DMode":false,"pivot":{"x":-0.5963600873947144,"y":1.827103614807129,"z":-3.2545688152313234},"rotation":{"x":-0.28791192173957827,"y":-0.11684858798980713,"z":0.03541942313313484,"w":-0.9498520493507385},"size":0.6639325618743897,"orthographic":false}